username,subreddit,post_title,comment_content,time
itsMalarky,,I like the label.,Definitely worth it. Same area,2025-04-28T00:58:56.716Z
itsMalarky,,Making friends,"Game night (Tuesday), trivia on Wednesdays (try to jump into a team near the bar) and cribbage night (Thursday).at feathered friend. There are also Cornhole leagues starting up, and live music out back and all that summer stuff.",2025-04-27T23:43:02.042Z
itsMalarky,,I like the label.,Good beer everywhere. No point even making a comparison here. Everyone knows schilling is good.,2025-04-27T18:17:59.349Z
itsMalarky,,You are now your username. What are you?,Bullshit.,2025-04-27T00:50:48.460Z
itsMalarky,,Nightmare pairing with a Marines,"Cool, still proving my point lol. Here ya go üñçÔ∏èüñçÔ∏èüñçÔ∏è",2025-04-27T00:48:06.562Z
itsMalarky,,Pitching Without a Lawyer,"Sorry, was kind of a sketchy link. Will check it when I'm on a computer",2025-04-26T21:43:20.792Z
itsMalarky,,Pitching Without a Lawyer,I'm not clicking that.,2025-04-26T19:22:38.891Z
itsMalarky,,Nightmare pairing with a Marines,"You're kind of proving my point, and assuming a lot (a lot of Marines I know also tend to have a massive chip on their shoulder too). I also wasn't making a generalization, I was encouraging you to use your reading comprehension skills to understand what the British commenter meant by referring to Marines as ""the worst"" in his reflection on OPs post.",2025-04-26T19:14:03.284Z
itsMalarky,,"Men, if you go to a theme park, do you try to embrace your inner child and get on the rides? Or you're not a ride person and just like to chill?","I love rides. Always have, always will. The scarier the better. I'm also kind of an adrenaline junkie.",2025-04-26T11:56:29.650Z
itsMalarky,,Nightmare pairing with a Marines,"Based on context clues from OPs post, I'd imagine because they can be overbearing, tone deaf, and entitled from a misguided sense of elitism....",2025-04-26T11:43:26.533Z
itsMalarky,,Pitching Without a Lawyer,Where did you hear this?,2025-04-26T11:33:25.073Z
itsMalarky,,Koch brothers and Texas libertarians funding a Free Stater conference in Concord starting today 4/25,They can't even proofread their own shit.,2025-04-26T04:51:32.736Z
itsMalarky,,SPOILERS : Am I the only one who thinks that this was a terrible episode for this player ?,Joe just hoping for that Sia money at this point.,2025-04-25T21:52:23.871Z
itsMalarky,,SPOILERS : Am I the only one who thinks that this was a terrible episode for this player ?,"Yeah, it made Joe look kind of like an ego-driven meathead. Admittedly a first for Joe this season!",2025-04-25T21:51:22.076Z
itsMalarky,,Is anyone else watching wmur news right now?,I feel like he's added a little stank to it over the years.,2025-04-25T21:49:57.011Z
itsMalarky,,"Restaurants with bar games but also kid-friendly, in southern NH?",Haha they have a sign about it now,2025-04-25T19:27:21.067Z
itsMalarky,,"Restaurants with bar games but also kid-friendly, in southern NH?",If the kids are behaved it's cool. Yelling and screaming like it's a playground isn't cool,2025-04-25T12:03:10.213Z
itsMalarky,,"Restaurants with bar games but also kid-friendly, in southern NH?",lol one brewery i go to had kids running and screaming up and down the ramp into the brewing area. It was grating.,2025-04-25T12:02:41.691Z
itsMalarky,,Young NH couples/small families and housing affordability,"My ""starter home"" isn't huge. 3br/2.5 bath and finished basement -- in ""rural"" Concord. Built in 2019 and would never be able to afford it today.",2025-04-25T11:57:22.878Z
itsMalarky,,Morning Buzz succession plan?,Hopefully not Nazzy. Can't stand that guy,2025-04-25T11:53:34.861Z
itsMalarky,,cedrek absolutely slaying his jury walk-in üíÖ,Hahaha me too,2025-04-25T10:07:46.505Z
itsMalarky,,DAE Not get why Kyle was trying to force a sob story with him going to jail for a month and it actually isn‚Äôt a big deal?!?!,Yeah I have no idea what that whole sob story had to do with anything about how Kyle reacted to confrontation.,2025-04-25T02:31:42.778Z
itsMalarky,,Do you guys wear baseball caps?,Same. It's my male hairband,2025-04-25T01:53:55.368Z
itsMalarky,,Do you guys wear baseball caps?,"I wear hats a lot, especially when I haven't styled my hair at all. I also always wear a hat at the gym.",2025-04-25T01:49:28.084Z
itsMalarky,,Bill allowing patrons to pour own alcohol gaining support in NH,"r/newhampshire
‚Ä¢ Bill allowing patrons to pour own alcohol gaining support in NH",2025-04-24T17:52:05.254Z
itsMalarky,,Hands Off protest at Portsmouth today,üëç,2025-04-24T12:38:39.127Z
itsMalarky,,Hands Off protest at Portsmouth today,Abenaki grandma. So I doubt it.,2025-04-24T11:41:06.549Z
itsMalarky,,David is actually really smart,"So, he's like Sai? (Who everyone calls a queen).",2025-04-24T02:28:52.555Z
itsMalarky,,What skills are you learning to future proof your income?,Growth/performance marketing.,2025-04-23T19:09:13.878Z
itsMalarky,,Hands Off protest at Portsmouth today,Welcome to New England. You sound fucking miserable,2025-04-23T15:02:50.233Z
itsMalarky,,Hands Off protest at Portsmouth today,Have you ever been to Portsmouth?,2025-04-23T12:48:57.544Z
itsMalarky,,Hands Off protest at Portsmouth today,That's not something one can even do.,2025-04-23T12:48:24.126Z
itsMalarky,,AITA for buying my sister a super expensive gift for her 40th birthday?,"Personal opinion aside that""luxury"" brands are tacky, bourgeois shows of conspicuous consumption that people should actually be embarrassed about.... NTA.",2025-04-22T12:03:05.497Z
itsMalarky,Unknown subreddit,Unknown title,"12,406",2010-08-30T00:00:00.000Z
itsMalarky,Unknown subreddit,Unknown title,Definitely worth it. Same area,Unknown time
itsMalarky,Unknown subreddit,Unknown title,"Game night (Tuesday), trivia on Wednesdays (try to jump into a team near the bar) and cribbage night (Thursday).at feathered friend. There are also Cornhole leagues starting up, and live music out back and all that summer stuff.",Unknown time
itsMalarky,Unknown subreddit,Unknown title,Good beer everywhere. No point even making a comparison here. Everyone knows schilling is good.,Unknown time
itsMalarky,Unknown subreddit,Unknown title,Bullshit.,Unknown time
itsMalarky,Unknown subreddit,Unknown title,"Cool, still proving my point lol. Here ya go üñçÔ∏èüñçÔ∏èüñçÔ∏è",Unknown time
itsMalarky,Unknown subreddit,Unknown title,"Sorry, was kind of a sketchy link. Will check it when I'm on a computer",Unknown time
itsMalarky,Unknown subreddit,Unknown title,I'm not clicking that.,Unknown time
itsMalarky,Unknown subreddit,Unknown title,"You're kind of proving my point, and assuming a lot (a lot of Marines I know also tend to have a massive chip on their shoulder too). I also wasn't making a generalization, I was encouraging you to use your reading comprehension skills to understand what the British commenter meant by referring to Marines as ""the worst"" in his reflection on OPs post.",Unknown time
itsMalarky,Unknown subreddit,Unknown title,"I love rides. Always have, always will. The scarier the better. I'm also kind of an adrenaline junkie.",Unknown time
itsMalarky,Unknown subreddit,Unknown title,"Based on context clues from OPs post, I'd imagine because they can be overbearing, tone deaf, and entitled from a misguided sense of elitism....",Unknown time
itsMalarky,Unknown subreddit,Unknown title,Where did you hear this?,Unknown time
itsMalarky,Unknown subreddit,Unknown title,They can't even proofread their own shit.,Unknown time
itsMalarky,Unknown subreddit,Unknown title,Joe just hoping for that Sia money at this point.,Unknown time
itsMalarky,Unknown subreddit,Unknown title,"Yeah, it made Joe look kind of like an ego-driven meathead. Admittedly a first for Joe this season!",Unknown time
itsMalarky,Unknown subreddit,Unknown title,I feel like he's added a little stank to it over the years.,Unknown time
itsMalarky,Unknown subreddit,Unknown title,Haha they have a sign about it now,Unknown time
Party_Lingonberry_58,,ECE 606 - final?,The grades are posted in Learn!,2024-12-26T20:08:08.256Z
Party_Lingonberry_58,,ECE 606 - final?,I haven‚Äôt seen the grades yet,2024-12-21T21:54:06.556Z
Party_Lingonberry_58,,Recent MSc/Phd Physics Graduates: What Are You Doing Right Now?,"The friend I am talking about I saw him doing biomedical imaging research as well. But what I am trying to say is maybe if you can pursue and network hard enough you can find some places to apply at least! You can maybe fan out in the topics. But what happens to the rest of us, idk man! It is so depressing! At this point I just feel like to feed myself off of the government since they can‚Äôt create jobs for the STEM people!",2024-12-06T20:37:51.039Z
Party_Lingonberry_58,,Recent MSc/Phd Physics Graduates: What Are You Doing Right Now?,"I have seen first hand friends getting a job as a Medical resident after his phd from TMU. In linkedin I only see jobs for health physicists, radiation physicists and geophysicists! Nothing else! So give me a good reason why I won‚Äôt assume those are the only people have a little bit of options here?",2024-12-06T19:54:22.661Z
Party_Lingonberry_58,,ECE 606 - final?,I haven‚Äôt taken that course.,2024-12-06T19:52:01.331Z
Party_Lingonberry_58,,ECE 606 - final?,I think the professor gives grace to pass all students but I am feeling kinda blind even with the preview!,2024-12-06T19:20:03.300Z
Party_Lingonberry_58,,How to stop borderline PCOS?,That‚Äôs I think will be the most efficient way! Thank you üôè,2024-11-29T19:51:52.963Z
Party_Lingonberry_58,,How to stop borderline PCOS?,O my God! They should‚Äôve followed the rule! You did the right thing!,2024-11-29T19:25:46.101Z
Party_Lingonberry_58,,How to stop borderline PCOS?,Oh now I have to go down the rabbit hole to find out what all of these things you said mean! üò≠,2024-11-29T18:52:36.093Z
Party_Lingonberry_58,,How to stop borderline PCOS?,I haven‚Äôt yet! I guess I have to get referral from my family doctor to do that in Canada? I will definitely look into this! Never heard of endocrinologist! Thank you üôè,2024-11-29T18:50:59.035Z
Party_Lingonberry_58,,How to stop borderline PCOS?,That is so so sad! Why do they do this to us!,2024-11-29T18:49:49.698Z
Party_Lingonberry_58,,How to stop borderline PCOS?,"Thank you so much for this detailed answer. I reduced my post thinking nobody was reading that lot! I don‚Äôt really have irregular period and I ovulate every month, just the length is a bit longer, I have 32/33 days cycle and I ovulate around day 18/19 ! I also have quite a flat stomach for my age and someone who doesn‚Äôt work out I would say! As I have heard from my friends that it is not an usual case with PCOS belly and all! I am very confused with all the information! This cycle they gave ne letrozole and cancelled iui saying my estradiol is low when I didn‚Äôt even ovulate at day 17! Everything has become quite overwhelming and I can‚Äôt figure out what should I do to make everything right!",2024-11-29T16:39:07.036Z
Party_Lingonberry_58,,How to stop borderline PCOS?,"Hi, thank you! Yeah they measured around 23 follicles in two ovaries this cycle altogether! They tested for the blood sugar level and all! How to interpret that result I don‚Äôt know! They said I have normal sugar level. Also I did home test using the kit they give to diabetic people, empty stomach gave me 5.2 ! How to understand if I have insulin resistance or not?",2024-11-29T16:33:08.302Z
Party_Lingonberry_58,,"11DPO, FRER brand, CD27. Been TTC for 2 years. First round of letrozole this month. Is this really happening?","First of all, congratulations, mama ü•≥! You deserve it!",2024-11-28T22:16:53.099Z
Party_Lingonberry_58,,ECE 606 - final?,Same! Maybe we should form a study group prior to the exam! ü•≤,2024-11-21T19:16:57.717Z
Party_Lingonberry_58,,ECE 606 - final?,The later one! I have to work by myself anyway! I get confused while solving the questions as I always feel like the material is not enough to solve the problems! And it is just too much text to cover in the book! How about you?,2024-11-21T13:21:05.861Z
Party_Lingonberry_58,,Recent MSc/Phd Physics Graduates: What Are You Doing Right Now?,"No job for physics grads in Canada except for those who have studied medical physics that too who has a PhD. It‚Äôs not your fault, Canada has no Physics industry tbh! Finished MSc in Photonics from a top level EU university, landed here as a PR, tried one year for a job! Nothing! Now again doing an MSc Physics in a Canadian uni and the future is still looking grim! No idea what I am gonna do next!",2024-11-13T21:34:15.169Z
Party_Lingonberry_58,,"i hate 6am garbage pickup, 7am leaf blowers, and FUCKING 8AM CROWS",Same,2024-11-11T16:54:20.460Z
Party_Lingonberry_58,,ECE 606 - final?,üò≠üò≠üò≠,2024-11-07T22:40:07.513Z
Party_Lingonberry_58,,Where do physics people work?,The industry in Canada giving that vibe!,2024-09-23T01:40:56.350Z
Party_Lingonberry_58,,MSc Physics to MEng ECE?,"I hope I could get transferred, I don‚Äôt like much the research I do in physics! And the pay is bare minimum compared to the mental and physical load!",2024-09-13T14:15:30.018Z
Party_Lingonberry_58,,MSc Physics to MEng ECE?,Can you please give an idea of which courses you took that helped you ? It would be much appreciated!,2024-09-13T12:30:43.588Z
Party_Lingonberry_58,,AITAH for farting on a guy‚Äôs dick?,"Girl, fuck him(not literally) he‚Äôs such a baby! Get a real man!",2024-09-06T21:40:48.987Z
Party_Lingonberry_58,,MSc Physics to MEng ECE?,"Yes I talked to her, I was wondering about the success rate of such transfer!",2024-09-06T21:36:13.324Z
Party_Lingonberry_58,,Jobs in Entry level Data Science ?,"What do you think about jobs in cities outside of core Toronto, like in whitby, oshawa?",2024-08-28T16:08:08.907Z
Party_Lingonberry_58,Unknown subreddit,Unknown title,30,2024-08-27T00:00:00.000Z
Party_Lingonberry_58,Unknown subreddit,Unknown title,The grades are posted in Learn!,Unknown time
Party_Lingonberry_58,Unknown subreddit,Unknown title,I haven‚Äôt seen the grades yet,Unknown time
Party_Lingonberry_58,Unknown subreddit,Unknown title,"The friend I am talking about I saw him doing biomedical imaging research as well. But what I am trying to say is maybe if you can pursue and network hard enough you can find some places to apply at least! You can maybe fan out in the topics. But what happens to the rest of us, idk man! It is so depressing! At this point I just feel like to feed myself off of the government since they can‚Äôt create jobs for the STEM people!",Unknown time
Party_Lingonberry_58,Unknown subreddit,Unknown title,"I have seen first hand friends getting a job as a Medical resident after his phd from TMU. In linkedin I only see jobs for health physicists, radiation physicists and geophysicists! Nothing else! So give me a good reason why I won‚Äôt assume those are the only people have a little bit of options here?",Unknown time
Party_Lingonberry_58,Unknown subreddit,Unknown title,I haven‚Äôt taken that course.,Unknown time
Party_Lingonberry_58,Unknown subreddit,Unknown title,I think the professor gives grace to pass all students but I am feeling kinda blind even with the preview!,Unknown time
Party_Lingonberry_58,Unknown subreddit,Unknown title,That‚Äôs I think will be the most efficient way! Thank you üôè,Unknown time
Party_Lingonberry_58,Unknown subreddit,Unknown title,O my God! They should‚Äôve followed the rule! You did the right thing!,Unknown time
Party_Lingonberry_58,Unknown subreddit,Unknown title,Oh now I have to go down the rabbit hole to find out what all of these things you said mean! üò≠,Unknown time
Party_Lingonberry_58,Unknown subreddit,Unknown title,I haven‚Äôt yet! I guess I have to get referral from my family doctor to do that in Canada? I will definitely look into this! Never heard of endocrinologist! Thank you üôè,Unknown time
Party_Lingonberry_58,Unknown subreddit,Unknown title,That is so so sad! Why do they do this to us!,Unknown time
Party_Lingonberry_58,Unknown subreddit,Unknown title,"Thank you so much for this detailed answer. I reduced my post thinking nobody was reading that lot! I don‚Äôt really have irregular period and I ovulate every month, just the length is a bit longer, I have 32/33 days cycle and I ovulate around day 18/19 ! I also have quite a flat stomach for my age and someone who doesn‚Äôt work out I would say! As I have heard from my friends that it is not an usual case with PCOS belly and all! I am very confused with all the information! This cycle they gave ne letrozole and cancelled iui saying my estradiol is low when I didn‚Äôt even ovulate at day 17! Everything has become quite overwhelming and I can‚Äôt figure out what should I do to make everything right!",Unknown time
Party_Lingonberry_58,Unknown subreddit,Unknown title,"Hi, thank you! Yeah they measured around 23 follicles in two ovaries this cycle altogether! They tested for the blood sugar level and all! How to interpret that result I don‚Äôt know! They said I have normal sugar level. Also I did home test using the kit they give to diabetic people, empty stomach gave me 5.2 ! How to understand if I have insulin resistance or not?",Unknown time
Party_Lingonberry_58,Unknown subreddit,Unknown title,"First of all, congratulations, mama ü•≥! You deserve it!",Unknown time
Party_Lingonberry_58,Unknown subreddit,Unknown title,Same! Maybe we should form a study group prior to the exam! ü•≤,Unknown time
Party_Lingonberry_58,Unknown subreddit,Unknown title,The later one! I have to work by myself anyway! I get confused while solving the questions as I always feel like the material is not enough to solve the problems! And it is just too much text to cover in the book! How about you?,Unknown time
Party_Lingonberry_58,Unknown subreddit,Unknown title,"No job for physics grads in Canada except for those who have studied medical physics that too who has a PhD. It‚Äôs not your fault, Canada has no Physics industry tbh! Finished MSc in Photonics from a top level EU university, landed here as a PR, tried one year for a job! Nothing! Now again doing an MSc Physics in a Canadian uni and the future is still looking grim! No idea what I am gonna do next!",Unknown time
Party_Lingonberry_58,Unknown subreddit,Unknown title,Same,Unknown time
Party_Lingonberry_58,Unknown subreddit,Unknown title,üò≠üò≠üò≠,Unknown time
Party_Lingonberry_58,Unknown subreddit,Unknown title,The industry in Canada giving that vibe!,Unknown time
Party_Lingonberry_58,Unknown subreddit,Unknown title,"I hope I could get transferred, I don‚Äôt like much the research I do in physics! And the pay is bare minimum compared to the mental and physical load!",Unknown time
Party_Lingonberry_58,Unknown subreddit,Unknown title,Can you please give an idea of which courses you took that helped you ? It would be much appreciated!,Unknown time
Party_Lingonberry_58,Unknown subreddit,Unknown title,"Girl, fuck him(not literally) he‚Äôs such a baby! Get a real man!",Unknown time
Party_Lingonberry_58,Unknown subreddit,Unknown title,"Yes I talked to her, I was wondering about the success rate of such transfer!",Unknown time
occasional_cynic,,"Opposing QB‚Äôs WILL need diapers. Giants select DL, Darius Alexander (Toledo).",BJ Hill has been pretty darn good.  He just got into Judge's doghouse because he was a terrible coach.,2025-04-26T02:08:49.768Z
occasional_cynic,,"Opposing QB‚Äôs WILL need diapers. Giants select DL, Darius Alexander (Toledo).",It's very important.  Dominating twenty year olds when you are that old is a red flag.  See: JMS.,2025-04-26T02:06:04.717Z
occasional_cynic,,The slide continues,He's worth a second at least given his college play.  Man there must be some serious red flags there.,2025-04-26T02:02:27.296Z
occasional_cynic,,"Opposing QB‚Äôs WILL need diapers. Giants select DL, Darius Alexander (Toledo).",I'll take the downvotes.  This will be my hated pick of the draft.  He's going to be twenty-five by the time the season starts.  Meh.,2025-04-26T01:42:19.473Z
occasional_cynic,,Issue with SNAT via Palo Alto NGFW in AWS (EIP Not Receiving Reply),"OK. I am all out of ideas then. My next step would be to create a small EC2 instance on your untrust subnet to see if that make it to the internet. Then, if it can, focus on the Palo Alto to see what may be wrong.",2025-04-24T23:33:04.541Z
occasional_cynic,,Possible move to Lawrence MA,"Lawrence has never been nice, but starting in the 1980's it just sank slowly and has never quite recovered. The city government is hopelessly corrupt, crime is high for the area, and there are not really any nice parts left in the city.",2025-04-24T17:59:57.648Z
occasional_cynic,,NH births hit a modern low in 2024 - the Covid birth bubble is over,So did Quebec. Full public subsidized childcare system. Barely did anything.,2022-02-06T00:00:00.000Z
occasional_cynic,,NH births hit a modern low in 2024 - the Covid birth bubble is over,"NH pays 22K/student, which is on the higher end for education funding.",2025-04-24T14:34:26.075Z
occasional_cynic,,"New 1,250 sqft townhouses in Barrington, NH for $415k-$425k. This is so radicalizing.",Are you seriously referencing Europe as a paragon for affordable housing? Really?,2025-04-24T14:32:02.277Z
occasional_cynic,,Issue with SNAT via Palo Alto NGFW in AWS (EIP Not Receiving Reply),"Your NAT policy needs to contain the IP address of the interface - so the 10.50.5.x IP address assigned to your ""untrust"" interface.",2025-04-24T14:22:20.859Z
occasional_cynic,,NH 21-year-old dies amid the worst flu season since 2009,Just want to say that even if the shot does not work - much like the Covid vaccine it can make the symptoms much more tolerable if you do get it.,2025-04-23T20:35:39.643Z
occasional_cynic,,LaSalle Corbell Pickett: ‚ÄúChild-Bride of the Confederacy‚Äù to Civil War Fabricator - Emerging Civil War,LaSalle Corbell Pickett is arguably one of the great storytellers and mythmakers in American history,2025-04-23T18:33:08.018Z
occasional_cynic,,Is it true Robert E. Lee said George B. McClellan was the best Union General?,"Yeah, a lot of Civil War quotes are hearsay, and first come up in the narrative years after the war ended. Who knows if he actually even said that.",2025-04-23T18:25:31.601Z
occasional_cynic,,Issue with SNAT via Palo Alto NGFW in AWS (EIP Not Receiving Reply),Rechecked NAT policy (it‚Äôs using the correct interface and EIP,2025-04-23T14:07:35.204Z
occasional_cynic,,Issue with SNAT via Palo Alto NGFW in AWS (EIP Not Receiving Reply),because AWS doesn‚Äôt route public replies back to instances using manually attached EIPs unless they originate from NAT Gateway or Elastic Load Balancer.,2025-04-23T13:58:10.493Z
occasional_cynic,,MTA stops being 24/7,In theory yes.,2025-04-23T13:42:55.254Z
occasional_cynic,,Movie endings where no one ‚Äúwins‚Äù,In the book he goes to the boss of the guy who hired him and turns over the money. In the movie its only revealed that he found the money.,2025-04-23T13:01:58.541Z
occasional_cynic,,"[ESPN]: Browns, Giants field trade calls for picks",Also - Jerry Reese never traded down either in eleven years of drafting.,2025-04-22T17:42:39.805Z
occasional_cynic,,"In NYC mayoral race, will AOC help progressives beat Andrew Cuomo?",He just forgot to pull the fire alarm again on voting day.,2025-04-21T19:57:09.448Z
occasional_cynic,,"If money wasn‚Äôt an issue, what Asset Management tool would you buy?","Every ""automated"" asset manager I have used has been a giant PoS. The one exception is Spiceworks, but even that does not have the needed feature of SnipeIT last time I used it.",2025-04-21T19:51:48.315Z
occasional_cynic,,I think I‚Äôll get fired.,"You are finding out why the DoD is an overfunded, corrupt, bloated mess. Please exhale. At the meeting ask for some more guidance.",2025-04-21T19:04:09.202Z
occasional_cynic,,This Player Named the Giants' Biggest Draft Bust Ever,Keep in mind a lot of SI articles are written by AI with quick edits by offshore resources.,2025-04-21T17:05:35.592Z
occasional_cynic,,This Player Named the Giants' Biggest Draft Bust Ever,Prediction: He will flop and be benched after three starts for a third stringer.,2025-04-21T17:02:59.991Z
occasional_cynic,,Jumping ship...,"Even if they do, in the US non competes are almost unenforceable.",2025-04-21T16:30:38.983Z
occasional_cynic,,Civil War General Daniel Sickles,He also lobbied hard for veterans after the war.,2025-04-19T21:21:34.474Z
occasional_cynic,,7100 Acquired - anything to be aware of?,"You can look at this post with has step-by-step instructions on how to configure it. Also has some ""gotchas"" inside it.",2025-04-18T18:07:50.537Z
occasional_cynic,,NYC ambulance response times are getting slower in 2025; New Yorkers are concerned,The NYPD member pension contribution is a paltry 3%. That is insane. It means members - even with investment returns - only have to contribute 10-15% of their payouts.,2025-04-18T16:45:58.625Z
occasional_cynic,,NYC ambulance response times are getting slower in 2025; New Yorkers are concerned,Standard argument that pensions are exorbitant after 20years of service usually from people that never did the job and are envious,2025-04-18T16:41:46.784Z
occasional_cynic,,NYC ambulance response times are getting slower in 2025; New Yorkers are concerned,A) The police have never been defunded. It was a slogan that never happened. The NYPD's budget is higher than ever.,2025-04-18T15:59:47.481Z
occasional_cynic,,What would I miss moving from Gnome to xfce in 2025?,The biggest issue for me would be losing Wayland support. XFCE as an actual DE is so much more feature rich and customizable.,2025-04-18T15:51:25.726Z
occasional_cynic,,NYC ambulance response times are getting slower in 2025; New Yorkers are concerned,"The city already has an insane budget, and the reality is the IAFF and FoP have a lot more lobbying power so they suck up the resources.",2025-04-18T15:29:20.661Z
occasional_cynic,,"Captured 16-year-old German anti-aircraft soldier during WW2, 1945.","r/ww2
‚Ä¢ Captured 16-year-old German anti-aircraft soldier during WW2, 1945.",2025-04-18T15:16:13.462Z
occasional_cynic,,I AM ANGRY where do I march?,"Get off the internet. Go outside, it is a nice day today.",2025-04-18T14:33:59.772Z
occasional_cynic,Unknown subreddit,Unknown title,382,2022-07-21T00:00:00.000Z
occasional_cynic,Unknown subreddit,Unknown title,BJ Hill has been pretty darn good.  He just got into Judge's doghouse because he was a terrible coach.,Unknown time
occasional_cynic,Unknown subreddit,Unknown title,It's very important.  Dominating twenty year olds when you are that old is a red flag.  See: JMS.,Unknown time
occasional_cynic,Unknown subreddit,Unknown title,He's worth a second at least given his college play.  Man there must be some serious red flags there.,Unknown time
occasional_cynic,Unknown subreddit,Unknown title,I'll take the downvotes.  This will be my hated pick of the draft.  He's going to be twenty-five by the time the season starts.  Meh.,Unknown time
occasional_cynic,Unknown subreddit,Unknown title,"OK. I am all out of ideas then. My next step would be to create a small EC2 instance on your untrust subnet to see if that make it to the internet. Then, if it can, focus on the Palo Alto to see what may be wrong.",Unknown time
occasional_cynic,Unknown subreddit,Unknown title,"Lawrence has never been nice, but starting in the 1980's it just sank slowly and has never quite recovered. The city government is hopelessly corrupt, crime is high for the area, and there are not really any nice parts left in the city.",Unknown time
occasional_cynic,Unknown subreddit,Unknown title,So did Quebec. Full public subsidized childcare system. Barely did anything.,Unknown time
occasional_cynic,Unknown subreddit,Unknown title,"NH pays 22K/student, which is on the higher end for education funding.",Unknown time
occasional_cynic,Unknown subreddit,Unknown title,Are you seriously referencing Europe as a paragon for affordable housing? Really?,Unknown time
occasional_cynic,Unknown subreddit,Unknown title,"Your NAT policy needs to contain the IP address of the interface - so the 10.50.5.x IP address assigned to your ""untrust"" interface.",Unknown time
occasional_cynic,Unknown subreddit,Unknown title,Just want to say that even if the shot does not work - much like the Covid vaccine it can make the symptoms much more tolerable if you do get it.,Unknown time
occasional_cynic,Unknown subreddit,Unknown title,LaSalle Corbell Pickett is arguably one of the great storytellers and mythmakers in American history,Unknown time
occasional_cynic,Unknown subreddit,Unknown title,"Yeah, a lot of Civil War quotes are hearsay, and first come up in the narrative years after the war ended. Who knows if he actually even said that.",Unknown time
occasional_cynic,Unknown subreddit,Unknown title,Rechecked NAT policy (it‚Äôs using the correct interface and EIP,Unknown time
occasional_cynic,Unknown subreddit,Unknown title,because AWS doesn‚Äôt route public replies back to instances using manually attached EIPs unless they originate from NAT Gateway or Elastic Load Balancer.,Unknown time
occasional_cynic,Unknown subreddit,Unknown title,In theory yes.,Unknown time
AtmosphereGrouchy245,,Anyone working as a data scientist/ data analyst/ data engineer? Is getting a job in this field tough as a fresher?,"Hey folks, I‚Äôm on the hunt for a data science job! I‚Äôve got a couple of years of experience working with Python, SQL, ML models, and visualization tools like Tableau & Power BI. Worked across different domains (retail, healthcare, finance), done some cloud stuff (AWS, GCP), and love solving data problems.",2025-03-26T01:54:35.773Z
AtmosphereGrouchy245,Unknown subreddit,Unknown title,2,2022-02-17T00:00:00.000Z
AtmosphereGrouchy245,Unknown subreddit,Unknown title,"Hey folks, I‚Äôm on the hunt for a data science job! I‚Äôve got a couple of years of experience working with Python, SQL, ML models, and visualization tools like Tableau & Power BI. Worked across different domains (retail, healthcare, finance), done some cloud stuff (AWS, GCP), and love solving data problems.",Unknown time
