username,item_type,subreddit,title,content,time
SoaR_Codes,post,"[D] KNN, Decision Tree, Support Vector Machine","[D] KNN, Decision Tree, Support Vector Machine","Hey all, I'm building a senior project that is a predictive analytics model. I am basing my project heavily on this kaggle project (https://www.kaggle.com/code/faressayah/stock-market-analysis-prediction-using-lstm/notebook#1.-What-was-the-change-in-price-of-the-stock-overtime?). I need to use 3 models for this project, and I am going to use K-Nearest Neighbor, Decision Tree, and Support Vector Machine. I have zero experience within Machine Learning as my school's data science program is extremely new and missing a huge amount of coding courses relevant to said project.",2024-01-27T19:15:25.645Z
SoaR_Codes,post,"KNN, Decision Tree, Support Vector Machine","KNN, Decision Tree, Support Vector Machine","Hey all, I'm building a senior project that is a predictive analytics model. I am basing my project heavily on this kaggle project (https://www.kaggle.com/code/faressayah/stock-market-analysis-prediction-using-lstm/notebook#1.-What-was-the-change-in-price-of-the-stock-overtime?). I need to use 3 models for this project, and I am going to use K-Nearest Neighbor, Decision Tree, and Support Vector Machine. I have zero experience within Machine Learning as my school's data science program is extremely new and missing a huge amount of coding courses relevant to said project.",2024-01-27T19:10:53.099Z
SoaR_Codes,post,How should I identify if a career change to data science is a bad idea?,How should I identify if a career change to data science is a bad idea?,,2023-12-22T20:20:25.613Z
SoaR_Codes,post,What are your (realistic) hopes for Session in 2024?,What are your (realistic) hopes for Session in 2024?,"Hey all, I wanted to ask you guys what you are hoping the devs to accomplish through the course of the next year. Unfortunately, we are all aware that the devs are no longer communicating at the rate or level they used to, and u/JL_Nightmare has confirmed they are all under NDAs (with no explanation as to why they are in place, could be IP). I've asked on his streams several times, but the comments usually go unanswered. So, since the devs are no longer communicating with us; Are you still hopeful that they can do some damage control for the game?",2023-11-09T21:17:47.705Z
SoaR_Codes,post,We truly need to know at this point what is happening with Session. (long post),We truly need to know at this point what is happening with Session. (long post),"A few months back, I made a post asking you all how you felt about the current state of the game; the responses were an interesting mix, although the answers were not particularly surprising. I wanted to revisit that and kind of tweak something (albeit I've no doubt this is going to seem like complaining). I've been a supporter of this game for years, and was enjoying the clunkiness of early access and the updates that came with the development cycle. It truly felt like our system of communication was much more realistic, open, and fun with the devs.",2023-06-24T15:49:54.114Z
SoaR_Codes,post,"Seven months after a lackluster 1.0 release, how do you feel about Session?","Seven months after a lackluster 1.0 release, how do you feel about Session?","I have no idea if this post will get any traction, but I guess I want to put out there my opinion of the current state of the game, and see how you all feel, too. I personally don't feel like Session released in an actually viable 1.0 state, the game is most certainly still in a beta stage at best, in my opinion. With horrible ghosting coming from the skater/board that cannot be fixed, updated (yet still unpolished) physics, lackluster animations, no multiplayer, no throw-down animation, I feel like I could rant about this stuff for quite some time. Everyone gangs up on the people who complain, but it feels completely understandable to load this game up after seven months and just be fucking bored. Not even a new map in over seven months?",2023-03-21T13:25:35.250Z
SoaR_Codes,post,"Returning to university to finish my degree at 28, with no Data Science/IT experience","Returning to university to finish my degree at 28, with no Data Science/IT experience",,2022-11-17T23:41:22.313Z
SoaR_Codes,post,Returning to University as a 28-year-old with no IT experience,Returning to University as a 28-year-old with no IT experience,,2022-11-17T23:39:33.055Z
SoaR_Codes,post,How do you determine if a Bootcamp is worth it as a complete beginner?,How do you determine if a Bootcamp is worth it as a complete beginner?,"I want to learn Python for my first language, however I don't have enough overall or fundamental knowledge to be able to determine what is worth-while, and what I should pass on.... I have no real friends who code, and no connections in any IT-related field. What bits of Python I'm trying to learn on my own, I feel like my biggest problem is applying the knowledge and actually retaining it. With that being said..... how would I know if a bootcamp is worth my time? For any of you who've done one or tried it, do you feel like its worth it to someone who can barely retain/remember even the simplest syntax or information?",2022-10-19T19:23:46.018Z
SoaR_Codes,post,Another complete beginner wanting to learn Python for Data Science,Another complete beginner wanting to learn Python for Data Science,"Hey everyone,",2022-10-18T12:14:38.409Z
SoaR_Codes,comment,,[addon] Pretty happy with how this minimalist Details setup turned out,"I love this! The only issue I have with it is that mine doesn't show the little bar underneath the player names, any idea why? I've pasted the .tga in interface and done everything correct.",2024-03-22T22:41:14.983Z
SoaR_Codes,comment,,Will this game ever be in it's supposed release state?,No.,2024-01-29T00:47:19.679Z
SoaR_Codes,comment,,"[D] KNN, Decision Tree, Support Vector Machine","A senior project is a project in which senior-standing (typically 4th year) university students are required to do in order to receive their degree. At-least at my university this is how it's done. There is a freshman level coding course (1st year), and a senior-level (4th) year senior project for data science. There are no coding courses in between, hence why my question(s) here are so..... non-uniform. Because data science in real world is a lot of figuring it out yourself, there is not really a 'teaching' element to the senior project class.",2024-01-28T03:32:42.968Z
SoaR_Codes,comment,,"KNN, Decision Tree, Support Vector Machine","I appreciate it. I am actually finishing up the revision to my original project proposal. My professor suggested KNN, Decision Tree and Support Vector Machine to me. Unfortunately with having to a resubmission of my proposal (due to overall scope and time limitations) its hard to sit down an spend a decent amount of time getting familiar with the necessary tools before I really go down the rabbit hole.",2024-01-28T02:05:36.320Z
SoaR_Codes,comment,,"KNN, Decision Tree, Support Vector Machine","Of what you suggested and whatever else is out there, what three would you pick and why? One of the goals for this project is to see if my models can more accurately predict price (training 10 stocks from 2018-2022 and testing 2023 vs. actual). I can't use an LSTM because that's I'm trying to see if I can do better than (just for the purpose of this project).",2024-01-28T00:14:46.163Z
SoaR_Codes,comment,,Update half a year into my first data science job...,"I just started my senior capstone course for my bachelors in DS, what sucks is that the majority of students going into the capstone don't know how to program (including myself) even though we've taken almost all the required core classes. It's gonna be a long ass semester, but I hope to finally have A project to show..... given that I'm over 150 internship applications deep now.",2024-01-07T14:35:19.086Z
SoaR_Codes,comment,,Creating a University Data Science Club,"Undergrad student here, I wish we something like that here. Even with a DS major we don't really have many students in the program :/",2023-12-22T20:30:45.603Z
SoaR_Codes,comment,,Graduation project,If it makes you feel any better I'm un my undergrad DS program with only a semester left for the degree and I've gone from a freshman level coding course to the senior project with almost no coding in between the two courses :/,2023-12-22T20:26:10.841Z
SoaR_Codes,comment,,We truly need to know at this point what is happening with Session. (long post),"I agree, but I did mention in my reply to his to ask if he can't anything due to an NDA or something else, and he didn't respond. So I suppose it's just interpretation at this point. It's hard to accept the answer of ""just stay patient"" if nothing sufficient is occurring for the end user to well...... stay patient.",2023-06-26T13:33:02.433Z
SoaR_Codes,comment,,We truly need to know at this point what is happening with Session. (long post),"As always, just know we all appreciate you man. I don't know if it's an NDA thing that prevents you or the team from speaking on things (I genuinely wish I could know if that was the reason). However, I do hope the devs could let the players just know what's going on so we can be more involved like things were pre-release. Since release it's simply felt like that communication has really fell to the wayside, and not much has really occurred from the player's perspective (obviously this is very very debatable).",2023-06-24T19:44:18.064Z
Clish89,post,Steve Jobbs name spelled differently,Steve Jobbs name spelled differently,,2025-04-21T00:27:04.984Z
Clish89,post,"Would you help me test my interactive polling app for iOS & Android, called Pulsed?!","Would you help me test my interactive polling app for iOS & Android, called Pulsed?!",I launched it this week on iOS & Android. It's a free app that has been getting solid traction in its first week. All feedback is welcome!!,2024-09-28T21:23:54.260Z
Clish89,post,Veteran Owned Businesses,Veteran Owned Businesses,"Hey ya'll, I wanted to ask you guys if you knew of a subreddit or somewhere that allows us to promote our veteran owned businesses? Any insight will be helpful. Appreciate you guys",2024-09-25T15:19:31.542Z
Clish89,post,What textbook are you using in your business course?,What textbook are you using in your business course?,"Hey business students, I am doing a research survey and need your help! Can you please just let me know the textbook(s) you are using? I just need the textbook name and the course. Thanks a lot! :)",2024-08-19T20:57:02.229Z
Clish89,post,What is the name of your textbook for your business course?,What is the name of your textbook for your business course?,"Hey business students, I am doing a research survey and need your help! Can you please just let me know the textbook(s) you are using? I just need the textbook name and the course. Thanks a lot! :)",2024-08-19T20:55:54.832Z
Clish89,post,What textbook do you use for your business course?,What textbook do you use for your business course?,"Hey business students, I am doing a research survey and need your help! Can you please just let me know the textbook(s) you are using? I just need the textbook name and the course. Thanks a lot! :)",2024-08-19T20:55:06.884Z
Clish89,post,What textbook do you use for your business course?,What textbook do you use for your business course?,"Hey business students, I am doing a research survey and need your help! Can you please just let me know the textbook(s) you are using? I just need the textbook name and the course. Thanks a lot! :)",2024-08-19T20:54:38.049Z
Clish89,post,Textbooks used by business majors,Textbooks used by business majors,,2024-08-19T20:53:40.691Z
Clish89,post,Textbooks used by Business Majors,Textbooks used by Business Majors,,2024-08-19T20:53:05.184Z
Clish89,post,Textbooks used by business majors,Textbooks used by business majors,,2024-08-19T20:50:34.028Z
Clish89,post,Textbooks used by Business Majors,Textbooks used by Business Majors,"Hey business students, I am doing a research survey and need your help! Can you please just let me know the textbook(s) you are using? I just need the textbook name and the course. Thanks a lot! :)",2024-08-19T20:49:53.114Z
Clish89,post,Textbooks used by Business Majors,Textbooks used by Business Majors,"Hey business students, I am doing a research survey and need your help! Can you please just let me know the textbook(s) you are using? I just need the textbook name and the course. Thanks a lot! :)",2024-08-19T20:48:41.796Z
Clish89,post,Textbooks used by Business Majors,Textbooks used by Business Majors,"Hey business students, I am doing a research survey and need your help! Can you please just let me know the textbook(s) you are using? I just need the textbook name and the course. Thanks a lot! :)",2024-08-19T20:47:41.925Z
Clish89,post,Textbooks used by Business Majors,Textbooks used by Business Majors,,2024-08-19T20:46:06.667Z
Clish89,post,Textbooks used by Business Majors,Textbooks used by Business Majors,"Hey business students, I am doing a research survey and need your help! Can you please just let me know the textbook(s) you are using? I just need the textbook name and the course. Thanks a lot! :)",2024-08-19T20:45:23.254Z
Clish89,post,Textbooks used by Business Majors,Textbooks used by Business Majors,,2024-08-19T20:43:10.159Z
Clish89,post,Textbooks Used By Business Majors,Textbooks Used By Business Majors,,2024-08-19T20:41:50.912Z
Clish89,post,Textbooks used by business majors,Textbooks used by business majors,"Hey y'all, I am doing a survey and need your help. Could you just let me know the textbook you are using? I just need the name of the book and the course name :) thank you so much!",2024-08-19T20:40:06.692Z
Clish89,post,Textbooks for Business Majors,Textbooks for Business Majors,"Hey fellow business students, can you let me know what textbook you are using in your course? I am taking a survey and doing a bit of research if you could please help me out. Just provide the textbook and course name. Thanks a lot :)",2024-08-19T20:34:25.949Z
Clish89,post,Most widely used textbooks for US colleges among BSc business students,Most widely used textbooks for US colleges among BSc business students,Hey all - I am looking for any insight on finding the most widely used textbooks for US business students going for their bachelors degree at university. I wish there was an easy way to do this (and maybe there is) but I wanted to make a post here to see if there was anyone in the know.,2024-08-19T19:11:37.826Z
_The_Bear,comment,,Is Shadowsun worth it?,"Yeah, she's really good.",2025-04-28T18:28:08.685Z
_The_Bear,comment,,Public Money by NFL city,Cool. If I have the time later I'll run a regression on the data and let you know if there are any statistically significant trends. Or we'll just take your word for it.,2025-04-28T18:08:25.945Z
_The_Bear,comment,,Public Money by NFL city,You don't have enough data to look at the interaction between two variables and draw meaningful conclusions. 35 examples is generally considered enough to look at a single effect.,2025-04-28T17:52:07.968Z
_The_Bear,comment,,Public Money by NFL city,"From 2000-2010 cities spent 52.33%. Looking at every stadium in the works, cities are spending 54.93%. That's a statistically insignificant difference.",2025-04-28T17:13:59.708Z
_The_Bear,comment,,"Since drones are tokens now, would be nice for more wargear options.","Don't mind me, just gonna casually add 9 wounds to my squad.",2025-04-28T16:54:48.283Z
_The_Bear,comment,,Public Money by NFL city,I don't look at that chart and see an overall trend of less and less public money.,2025-04-28T16:51:51.128Z
_The_Bear,comment,,Jacory Croskey-Merrit,I was just listening to the beltway football day 3 pod. They recorded it at the end of the 6th before Croskey-Merrit was picked. JP kept mentioning how that RB from Arizona was there when they picked in the 6th. I think he's someone they really had their eye on.,2025-04-28T14:54:08.169Z
_The_Bear,comment,,What teams do best in the playoffs? Dome teams or non dome teams.. one answer üé§,Do you think teams practice in their stadiums? They spend 95% of their time at the practice facilities. You bet your ass if they want to prepare for cold weather they can.,2025-04-28T05:28:32.329Z
_The_Bear,comment,,Games workshop treatment,Why is the average win rate so far below 50?,2025-04-27T20:35:49.088Z
_The_Bear,comment,,The eternal dilemma of men,The splash from peeing on the bowl may be smaller but it's 100% pee. The splash from peeing into the water is largely water.,2025-04-27T19:34:34.172Z
_The_Bear,comment,,Free Tau Pieces,"Don't need em, but just wanted to say good on you for doing this. The world is a better place when people look out for each other.",2025-04-27T17:04:31.978Z
_The_Bear,comment,,Highlights from our new RB!,He seems deadly with a good hole at the line. Fortunately we just massively upgraded our OLine.,2025-04-27T16:13:40.236Z
_The_Bear,comment,,"Round 7 - Pick 29: Jacory Croskey-Merritt, RB, Arizona (Washington Commanders)","Yo, we upgraded our OLine, but I don't think it's good enough for our kicker to rush for positive yards. Perhaps you meant Rodriguez?",2025-04-27T14:58:30.478Z
_The_Bear,comment,,"Round 4 - Pick 26: Jaylin Lane, WR, Virginia Tech (Washington Commanders)",But now we've got corners that can hold up in coverage.,2025-04-26T19:26:16.696Z
_The_Bear,comment,,How bad was Ron Rivera at drafting?,Yo remember 2 years ago when people wanted Ron to take over as GM so EB could be head coach? Real glad that didn't happen.,2025-04-26T16:55:37.708Z
_The_Bear,comment,,Where to install wall panels?,Why not both?,2025-04-26T15:22:01.365Z
_The_Bear,comment,,My UltraTau are complete!,Bro what is that on the left?,2025-04-26T04:30:35.587Z
_The_Bear,comment,,Nate Tice on Connerly,Lol got em,2025-04-26T02:25:58.713Z
_The_Bear,comment,,Welcome! üèàüòé,And our o line wasn't good enough against the eagles. Having Tunsil doesn't do much for you when the interior is getting collapsed by Jalen Carter. This upgrades two positions on the O line. We've got rock solid tackles and we just massively upgraded the interior as well.,2025-04-25T04:01:56.071Z
_The_Bear,comment,,2025 NFL Draft: First Round Mega Thread,Love seeing the cowboys draft ESPN's 51st ranked player at #12.,2025-04-25T01:29:06.559Z
TakinDownJersey,post,Moving into Data Science with Bard/ChatGPT,Moving into Data Science with Bard/ChatGPT,,2024-01-04T03:44:13.531Z
TakinDownJersey,post,First build ever,First build ever,I‚Äôm looking to build a gaming rig. Never did it before and my confidence is near hopeless.,2023-06-11T19:00:57.447Z
TakinDownJersey,post,Optiplex 2023 Guidance,Optiplex 2023 Guidance,I‚Äôve been scouring YouTube for a budget-friendly gaming pc.,2023-06-05T21:59:05.580Z
TakinDownJersey,post,Bathroom exhaust fans,Bathroom exhaust fans,I live in a townhouse in a development with an HOA. I noticed that the bathroom fans exhaust into the attic space.,2023-03-06T21:18:20.846Z
TakinDownJersey,post,Bathroom sink slowly gets hot,Bathroom sink slowly gets hot,In my primary bedroom the bathroom sink takes forever to warm up. The flow is perfectly fine.,2023-02-14T00:20:36.490Z
TakinDownJersey,comment,,An absolute unit of a horse,Can I pet that dog,2024-12-12T14:28:38.915Z
TakinDownJersey,comment,,"What movie caused you to have a ""WTF did I just watch?"" moment after viewing?",Enter the void (2009) years later I still say WTF did I just watch!?,2024-11-28T22:52:16.756Z
TakinDownJersey,comment,,[deleted by user],"To pivot from your tutoring, create classes online for the masses. Create a course on udemy or YouTube. Monetize from there as you build audience. Shoot for long term growth never short term.",2024-02-11T20:53:03.276Z
TakinDownJersey,comment,,Variations of the head nod in the Indian culture,"r/interestingasfuck
‚Ä¢ Variations of the head nod in the Indian culture",2024-02-11T08:49:23.886Z
TakinDownJersey,comment,,Scrape Info from Map,I can‚Äôt remember which extension I used. I would hate to see you put a lot of time into this project when there are extensions that can do this for you.,2024-01-20T00:59:44.146Z
TakinDownJersey,comment,,Scrape Info from Map,There‚Äôs free chrome extension that pull this data if you‚Äôre doing this through google maps.,2024-01-19T22:23:38.730Z
TakinDownJersey,comment,,[deleted by user],Yes I would agree.,2024-01-13T17:52:00.780Z
TakinDownJersey,comment,,For team leads - How to do own projects/tasks as a lead?,It doesn‚Äôt hurt to learn it and see how you can adapt to other departments processes. You‚Äôre welcome,2024-01-13T17:27:31.905Z
TakinDownJersey,comment,,Why did you choose data science as a career? what's your daily life like? did you regret it?,"Everything in IT is oversaturated. It sucks and if it isn‚Äôt oversaturated, it needs 10+ years of experience when it just became a trend last year.",2024-01-13T16:04:40.768Z
TakinDownJersey,comment,,For team leads - How to do own projects/tasks as a lead?,all departments adapt to agile processes in an org.,2024-01-13T01:37:23.612Z
TakinDownJersey,comment,,For team leads - How to do own projects/tasks as a lead?,"Proper project management, sprint cycles, agile development and the lead doesn‚Äôt overload themselves.",2024-01-09T22:00:04.939Z
TakinDownJersey,comment,,What movie made absolutely no sense?,Once Upon A Time In Hollywood,2024-01-07T19:45:54.627Z
TakinDownJersey,comment,,Update half a year into my first data science job...,I‚Äôm trying to make the switch from digital marketing to DS. I use chatbots for syntax in colabs and get that for the most part. Always could read and edit what I‚Äôm looking for. One issue is coding from scratch.,2024-01-05T23:02:56.370Z
TakinDownJersey,comment,,What are some franchises where the second game is the best one?,Socom 2,2023-10-27T03:45:29.906Z
TakinDownJersey,comment,,What to do with giant hole above oven?,Wine rack,2023-09-28T19:06:35.425Z
Creative-Reason-8462,comment,,"Daily Discussion Thread for April 09, 2025","Bro zoom out to the 5 day chart, let alone the 1 month, or god forbid the 1 year chart",2025-04-09T18:24:28.409Z
Creative-Reason-8462,comment,,"Daily Discussion Thread for April 08, 2025",Red by eod,2025-04-08T16:06:44.223Z
Creative-Reason-8462,comment,,"What Are Your Moves Tomorrow, March 28, 2025",This makes 0 sense,2025-03-28T05:47:21.956Z
Creative-Reason-8462,comment,,"What Are Your Moves Tomorrow, March 25, 2025",Market never fully trusted that tarriffs would happen and now don't fully trust that they won't happen,2025-03-25T02:00:34.232Z
Creative-Reason-8462,comment,,"Exclusive: US and Ukraine prepare to sign minerals deal on Tuesday, sources say","No no, rare earth metals are a classification of a series of metals that are found in the F Block of the periodic table",2025-03-07T01:34:15.064Z
Creative-Reason-8462,comment,,"Daily Discussion Thread for March 05, 2025",$MP is an elite buy,2025-03-05T19:22:54.344Z
Creative-Reason-8462,comment,,"What Are Your Moves Tomorrow, February 26, 2025",Almost like dei is a Mckinsey-driven initiative to drive business growth,2025-02-25T21:05:04.538Z
Creative-Reason-8462,comment,,What happened to ZalaeHS?,"I am just reading this thread now as I go through what happened to old HS players, but all of your comments are kind of hurtful in this thread jfyi.",2025-02-15T04:24:14.239Z
Creative-Reason-8462,comment,,974 was playing chess when everyone else was playing checkers,"Yep you're right, they gain $500k in value when he accepts to flip",2025-02-07T07:50:33.697Z
Creative-Reason-8462,comment,,"What Are Your Moves Tomorrow, February 07, 2025","Every time NET becomes the hot stock, we immediately dump into negatives",2025-02-06T23:18:09.724Z
Creative-Reason-8462,comment,,974 was playing chess when everyone else was playing checkers,"The idea of continually making of money is very valid, especially so when you consider how potential income streams would change depending on which decision Gage makes on the show.",2025-02-06T22:18:31.076Z
Creative-Reason-8462,comment,,974 was playing chess when everyone else was playing checkers,"Yes redirecting to Twana might've been a better strategy, especially when she was clearly manipulating him. I think the perfect play may have been to take the risk and play against her manipulation but it's probably easier for us to think about that while watching a recording instead of live with less than 5 minutes left",2025-02-06T21:18:01.006Z
Creative-Reason-8462,comment,,974 was playing chess when everyone else was playing checkers,Your comment is factually incorrect,2025-02-06T20:43:05.151Z
Creative-Reason-8462,comment,,"What Are Your Moves Tomorrow, February 06, 2025",Bitcoin just ripped,2025-02-06T09:16:45.116Z
Creative-Reason-8462,comment,,"What Are Your Moves Tomorrow, February 06, 2025",Let's pretend for a second that this magic woo woo BTC gain machine of Mstr works (it doesn't),2025-02-05T23:05:31.590Z
Creative-Reason-8462,comment,,"What Are Your Moves Tomorrow, February 06, 2025","Fire whoever made this shitty slide on mstr earnings, only",2025-02-05T22:37:19.925Z
Creative-Reason-8462,comment,,"What Are Your Moves Tomorrow, February 06, 2025","The only thing now missing from this $MSTR earnings call is somebody yelling ""bitconnectttttttttttttttttt""",2025-02-05T22:19:46.090Z
Creative-Reason-8462,comment,,"What Are Your Moves Tomorrow, February 06, 2025","This mstr used ""intelligent leverage"", why can they only do this magical leverage with BTC?",2025-02-05T22:13:26.941Z
Creative-Reason-8462,comment,,"What Are Your Moves Tomorrow, February 06, 2025",Saylor:,2025-02-05T21:51:47.492Z
Creative-Reason-8462,comment,,"What Are Your Moves Tomorrow, February 04, 2025","I'm so glad I don't listen to anybody in this thread, I'd be so broke",2025-02-04T01:12:10.296Z
